{"cameraMode":{"drawMode":0,"name":"Shaded","section":"Shading Mode"},"sceneLighting":false,"audioPlay":false,"sceneViewState":{"m_AlwaysRefresh":false,"showFog":true,"showSkybox":false,"showFlares":true,"showImageEffects":true,"showParticleSystems":true,"showVisualEffectGraphs":true,"m_FxEnabled":true},"in2DMode":false,"pivot":{"x":0.0009064589976333082,"y":0.8506613373756409,"z":0.025828400626778604},"rotation":{"x":-0.008335932157933712,"y":-0.9899581670761108,"z":0.12570516765117646,"w":-0.06513608992099762},"size":1.2124356031417847,"orthographic":false}