{"cameraMode":{"drawMode":0,"name":"Shaded","section":"Shading Mode"},"sceneLighting":false,"audioPlay":false,"sceneViewState":{"m_AlwaysRefresh":false,"showFog":false,"showSkybox":false,"showFlares":false,"showImageEffects":false,"showParticleSystems":false,"showVisualEffectGraphs":true,"m_FxEnabled":true},"in2DMode":false,"pivot":{"x":-0.0506652370095253,"y":1.42110013961792,"z":1.8413666486740113},"rotation":{"x":0.003606741549447179,"y":-0.9955703020095825,"z":0.08413852751255036,"w":0.0436297282576561},"size":0.21966558694839478,"orthographic":false}