{"cameraMode":{"drawMode":0,"name":"Shaded","section":"Shading Mode"},"sceneLighting":false,"audioPlay":false,"sceneViewState":{"m_AlwaysRefresh":false,"showFog":true,"showSkybox":false,"showFlares":true,"showImageEffects":true,"showParticleSystems":true,"showVisualEffectGraphs":true,"m_FxEnabled":true},"in2DMode":false,"pivot":{"x":0.44414353370666506,"y":0.9353395700454712,"z":-0.6537120342254639},"rotation":{"x":0.038859013468027118,"y":-0.957852840423584,"z":0.23777653276920319,"w":0.15684713423252107},"size":1.2124356031417847,"orthographic":false}